амулет 2015 онлайн бесплатно в хорошем качестве;amulet-2015-onlajn-besplatno-v-horoshem-kachestve
предохранитель подогрева сидений на чери амулет;predohranitel-podogreva-sidenij-na-cheri-amulet
датчик давления масла чери амулет характеристики;datchik-davleniya-masla-cheri-amulet-harakteristiki
чери амулет датчик температуры системы охлаждения;cheri-amulet-datchik-temperatury-sistemy-ohlazhdeniya
сепаратор картерных газов чери амулет купить цена;separator-karternyh-gazov-cheri-amulet-kupit-cena
прохождение игры скайрим 5 часть амулета голдура;prohozhdenie-igry-skajrim-5-chast-amuleta-goldura
как поменять лампочку ближнего света чери амулет;kak-pomenyat-lampochku-blizhnego-sveta-cheri-amulet
сделать самому амулет на привлечение денег удачи;sdelat-samomu-amulet-na-privlechenie-deneg-udachi
почему не набирает обороты двигатель чери амулет;pochemu-ne-nabiraet-oboroty-dvigatel-cheri-amulet
от какого авто подходит двигатель на чери амулет;ot-kakogo-avto-podhodit-dvigatel-na-cheri-amulet
skyrim мод на ношение нескольких колец и амулетов;skyrim-mod-na-noshenie-neskolkih-kolec-i-amuletov
какие амортизаторы лучше поставить на чери амулет;kakie-amortizatory-luchshe-postavit-na-cheri-amulet
датчика массового расхода воздуха на чери амулет;datchika-massovogo-rashoda-vozduha-na-cheri-amulet
разобрать компрессор кондиционера на чери амулет;razobrat-kompressor-kondicionera-na-cheri-amulet
dishonored the brigmore witches костяные амулеты;dishonored-the-brigmore-witches-kostyanye-amulety
ей богу в цене кражи карфагенского амулета мне так;ej-bogu-v-cene-krazhi-karfagenskogo-amuleta-mne-tak
трилогия бартимеуса амулет самарканда скачать epub;trilogiya-bartimeusa-amulet-samarkanda-skachat-epub
от чего подходит датчик температуры на чери амулет;ot-chego-podhodit-datchik-temperatury-na-cheri-amulet
как правильно отрегулировать сцепление чери амулет;kak-pravilno-otregulirovat-sceplenie-cheri-amulet
как разобрать зеркала заднего вида на чери амулет;kak-razobrat-zerkala-zadnego-vida-na-cheri-amulet
прохождение игры амулет снов amulet of dreams 2015;prohozhdenie-igry-amulet-snov-amulet-of-dreams-2015
играть в морхухн джонс и забытый амулет бесплатно;igrat-v-morhuhn-dzhons-i-zabytyj-amulet-besplatno
купить ролик обводной ремня генератора чери амулет;kupit-rolik-obvodnoj-remnya-generatora-cheri-amulet
где находится диагностический разъем в чери амулет;gde-nahoditsya-diagnosticheskij-razem-v-cheri-amulet
